{
  "executed_order": [
    [
      5,
      "YY",
      "C"
    ],
    [
      50,
      "ZZ",
      "D"
    ],
    [
      20,
      "ZZ",
      "C"
    ],
    [
      20,
      "YY",
      "C"
    ],
    [
      10,
      "XX",
      "D"
    ],
    [
      1,
      "XX",
      "C"
    ],
    [
      1,
      "ZZ",
      "C"
    ],
    [
      5,
      "XX",
      "C"
    ],
    [
      10,
      "YY",
      "D"
    ],
    [
      50,
      "XX",
      "C"
    ],
    [
      10,
      "XX",
      "C"
    ],
    [
      10,
      "ZZ",
      "D"
    ],
    [
      50,
      "XX",
      "D"
    ],
    [
      50,
      "YY",
      "D"
    ],
    [
      50,
      "ZZ",
      "C"
    ],
    [
      20,
      "XX",
      "C"
    ],
    [
      1,
      "YY",
      "D"
    ],
    [
      5,
      "ZZ",
      "D"
    ],
    [
      1,
      "YY",
      "C"
    ],
    [
      20,
      "ZZ",
      "D"
    ],
    [
      20,
      "YY",
      "D"
    ],
    [
      5,
      "XX",
      "D"
    ],
    [
      5,
      "YY",
      "D"
    ],
    [
      10,
      "ZZ",
      "C"
    ],
    [
      50,
      "YY",
      "C"
    ],
    [
      1,
      "ZZ",
      "D"
    ],
    [
      1,
      "XX",
      "D"
    ],
    [
      10,
      "YY",
      "C"
    ],
    [
      20,
      "XX",
      "D"
    ],
    [
      5,
      "ZZ",
      "C"
    ]
  ],
  "results": {
    "1": {
      "F_control": 0.9695,
      "F_drive": 0.9695,
      "rel_gain": -1.1015066467605722e-05,
      "ci95": [
        -0.003867580493833777,
        0.004010115847148505
      ]
    },
    "5": {
      "F_control": 0.9695,
      "F_drive": 0.9695,
      "rel_gain": -1.1015066467605722e-05,
      "ci95": [
        -0.003867580493833777,
        0.004010115847148505
      ]
    },
    "10": {
      "F_control": 0.9695,
      "F_drive": 0.9695,
      "rel_gain": -1.1015066467605722e-05,
      "ci95": [
        -0.003867580493833777,
        0.004010115847148505
      ]
    },
    "20": {
      "F_control": 0.9695,
      "F_drive": 0.9695,
      "rel_gain": -1.1015066467605722e-05,
      "ci95": [
        -0.003867580493833777,
        0.004010115847148505
      ]
    },
    "50": {
      "F_control": 0.9695,
      "F_drive": 0.9695,
      "rel_gain": -1.1015066467605722e-05,
      "ci95": [
        -0.003867580493833777,
        0.004010115847148505
      ]
    }
  }
}