{
  "1": {
    "F_control": 0.90525,
    "F_drive": 0.9026875,
    "rel_gain": -0.0028383115525678127,
    "ci95": [
      -0.010130595556041996,
      0.004081738651139172
    ]
  },
  "5": {
    "F_control": 0.905875,
    "F_drive": 0.909875,
    "rel_gain": 0.004437435503503607,
    "ci95": [
      -0.002670108492824155,
      0.011481435093864458
    ]
  },
  "10": {
    "F_control": 0.9045624999999999,
    "F_drive": 0.9035000000000001,
    "rel_gain": -0.0011613113216993021,
    "ci95": [
      -0.008590120927420878,
      0.006241775161587648
    ]
  },
  "20": {
    "F_control": 0.9094375,
    "F_drive": 0.9049999999999999,
    "rel_gain": -0.004887187129771095,
    "ci95": [
      -0.01201664671005793,
      0.0024111408496307607
    ]
  },
  "50": {
    "F_control": 0.9070624999999999,
    "F_drive": 0.9068125,
    "rel_gain": -0.0003054393397029755,
    "ci95": [
      -0.007399566713574795,
      0.006841897450245068
    ]
  }
}
